rate,tps_resp_mean,tps_resp_max,ok_ratio,db_confirm_ratio,p50,p95,p99,total_req,ok_req,fail_req,confirmed_db
100,96.7742,100,1.0000,1.0000,30.044885,57.035457,60.019101,6000,6000,0,6000
200,193.5484,200,1.0000,1.0000,30.062523,57.010176,59.999138,12000,12000,0,12000
400,342.8571,400,1.0000,1.0000,30.149722,57.037433,59.969532,24000,24000,0,24000
