rate,tps_resp_mean,tps_resp_max,ok_ratio,db_confirm_ratio,p50,p95,p99,total_req,ok_req,fail_req,confirmed_db
50,49.1803,50,1.0000,1.0000,60.036284,114.012519,119.011544,6000,6000,0,6000
100,98.3607,100,1.0000,1.0000,60.076057,114.025036,119.014691,12000,12000,0,12000
200,196.7213,200,1.0000,1.0000,60.174130,114.038329,119.008658,24000,24000,0,24000
400,263.7363,486,1.0000,0.9246,67.115546,115.188620,119.190377,48000,48000,0,44379
